,1945,1946,1947,1948,1949,1950,1951,1952,1953,1954,1955,1956,1957,1958,1959,1960,1961,1962,1963,1964,1965,1966,1967,1968,1969,1970,1971,1972,1973,1974,1975,1976,1977,1978,1979,1980,1981,1982,1983,1984,1985,1986,1987,1988,1989,1990,1991,1992,1993,1994,1995,1996,1997,1998,1999,2000,2001,2002,2003,2004,2005,2006,2007,2008,2009,2010,2011,2012,2013,2014,2015,2016,2017,2018,2019
0,Renal Insufficiency,Syphilis,Penicillins,Sutures,Color Vision,Neoplasms,Disease,Disease,Disease,Tuberculosis,Disease,Disease,Disease,Disease,Disease,Disease,Disease,Disease,Pathology,Pharmacology,Pharmacology,"Anatomy, Comparative",Diet Therapy,Glucosyltransferases,Esters,History of Medicine,Carbon Isotopes,Pneumoencephalography,Esters,"Spectrophotometry, Ultraviolet","Depression, Chemical",Dystonia Musculorum Deformans,Biometry,Isotope Labeling,Isotope Labeling,Organoids,Drug Antagonism,Muridae,Muridae,"Enkephalin, Leucine-2-Alanine",Immunochemistry,Immunochemistry,Benserazide,Wheat Germ Agglutinins,Trazodone,Dialysis,Dialysis,Dialysis,"Receptors, Amino Acid",Molecular Probes,Molecular Probes,Computer Communication Networks,Pharyngeal Muscles,Antisense Elements (Genetics),Antisense Elements (Genetics),Catchment Area (Health),"Receptors, Serotonin, 5-HT1",Heterotrimeric GTP-Binding Proteins,Hydroxymethylglutaryl CoA Reductases,Life Tables,Expert Testimony,Color Perception Tests,Organogenesis,Access to Information,Neuronal Tract-Tracers,"Antibodies, Neutralizing","Influenza A Virus, H1N1 Subtype",Real-Time Polymerase Chain Reaction,Real-Time Polymerase Chain Reaction,Genotyping Techniques,Ventral Striatum,"Brain Injuries, Traumatic",Zika Virus,Correlation of Data,ADAM10 Protein
1,Tantalum,Dilatation,Fluorides,Tantalum,Subthalamus,Tantalum,Bone and Bones,Bone and Bones,Psychosurgery,Disease,Polyarteritis Nodosa,Medical Records,Medical Records,Medical Records,Tranquilizing Agents,Medical Records,Medical Records,Electrons,Electrons,Pathology,Metabolism,Photomicrography,Encephalomalacia,"Anatomy, Comparative",Tectum Mesencephali,Spectrophotometry,Organoids,Carbon Isotopes,Carbon Isotopes,"Chromatography, Ion Exchange",Acetyltransferases,History of Medicine,Vascular Headaches,Neoplasm Metastasis,Lipofuscin,Galago,Endorphins,Gastrointestinal Hormones,Iopamidol,Vas Deferens,"2',3'-Cyclic Nucleotide 3'-Phosphodiesterase","Enkephalin, Leucine-2-Alanine",Oleic Acid,Fenfluramine,Oxadiazoles,Toxicology,Wheat Germ Agglutinins,"Receptors, Amino Acid",RNA Probes,Meglumine,"Hospitals, General",Molecular Probes,Computer Communication Networks,alpha 1-Antichymotrypsin,"Receptors, Serotonin, 5-HT1","Receptors, Serotonin, 5-HT1",Cell Compartmentation,Patients,Enzyme Activators,Case Management,Demography,Peptide Hormones,"Dose-Response Relationship, Radiation","Vision, Low",Inheritance Patterns,Neuronal Tract-Tracers,Epigenomics,Early Medical Intervention,Symptom Assessment,Patient Outcome Assessment,Dorsal Raphe Nucleus,Zika Virus Infection,Patient Reported Outcome Measures,Mental Status and Dementia Tests,Neurologists
2,Hemosiderin,Sutures,Tantalum,Communicable Diseases,Hemispherectomy,Myxoma,Neoplasms,Torso,Cortisone,"Tuberculosis, Meningeal",Poisoning,Torso,Torso,Neurochemistry,Neurochemistry,Equipment and Supplies,Blood Circulation,Medical Records,Geriatrics,Electrons,Electrons,History of Medicine,"Anatomy, Comparative",Tectum Mesencephali,Carbon Isotopes,Carbon Isotopes,Vasomotor System,Glucosyltransferases,"Anatomy, Comparative","Epilepsy, Post-Traumatic",Peroxidases,Biometry,History of Medicine,Arterioles,Vascular Headaches,Castration,Antigen-Antibody Complex,Outcome and Process Assessment (Health Care),Antigen-Antibody Complex,Antigen-Antibody Complex,Benzodiazepinones,"Enkephalin, Leucine",Immunochemistry,Somatomedins,"Receptors, Neurotransmitter","Receptors, Neurotransmitter","Rats, Inbred Strains",Paraffin Embedding,Dialysis,Blood Physiological Phenomena,RNA Probes,Epitope Mapping,Basal Metabolism,GTP Cyclohydrolase,Chemokine CCL4,Heterotrimeric GTP-Binding Proteins,Basigin,Enzyme Activators,Synucleins,Transplants,Peroxides,Plasma Membrane Calcium-Transporting ATPases,Central Nervous System Fungal Infections,Expressed Emotion,Biophysics,"Influenza A Virus, H1N1 Subtype",Venous Insufficiency,Post-Synaptic Density,Patient Outcome Assessment,Surgeons,Exome,Motor Disorders,Zika Virus Infection,Virtual Reality,Correlation of Data
3,Disulfides,Neurosyphilis,Abscess,"Wings, Animal",Ear,Psychosurgery,Toxoplasma,Tantalum,Torso,Wounds and Injuries,Torso,Pigmentation,Vaccines,Tranquilizing Agents,Medical Records,Electrons,Cardiovascular System,"Psychology, Child",Tay-Sachs Disease,Physiology,Pathology,Sphingomyelins,Glucosyltransferases,History of Medicine,History of Medicine,Histological Techniques,Glucosyltransferases,Xenon,Pneumoencephalography,Pneumoencephalography,Myotonia,Acetyltransferases,Drug Evaluation,Pneumoencephalography,Aminooxyacetic Acid,Peroxidases,Vascular Headaches,Benztropine,Gastrointestinal Hormones,"Enkephalin, Leucine",Endorphins,Trazodone,Metoclopramide,Inositol Phosphates,"Rats, Inbred Strains","Receptors, Amino Acid",Adrenal Gland Neoplasms,Neuromuscular Depolarizing Agents,Molecular Probes,Premedication,Excitatory Amino Acids,Antibody Specificity,Cyclins,Calcium-Calmodulin-Dependent Protein Kinases,3T3 Cells,Cuba,Heterotrimeric GTP-Binding Proteins,Synucleins,Response Elements,Synucleins,"Dose-Response Relationship, Radiation",Paintings,Metabolic Networks and Pathways,Sensory System Agents,Photomicrography,Yawning,Immunomodulation,Primary Cell Culture,Channelrhodopsins,Craving,Genotyping Techniques,Clinical Decision-Making,"Antineoplastic Agents, Immunological","Antineoplastic Agents, Immunological",Induced Pluripotent Stem Cells
4,Arthrogryposis,"Lens, Crystalline",Nervous System Physiological Phenomena,Neoplasms,Psychosurgery,Neurotic Disorders,Brucellosis,Polyarteritis Nodosa,Hibernation,Hibernation,Congenital Abnormalities,Color Vision,Neurochemistry,Accidents,Torso,Nervous System Physiological Phenomena,Electrons,Equipment and Supplies,Pharmacology,Anatomy,Diagnosis,Methanol,History of Medicine,Spectrophotometry,Myofibrils,"Anatomy, Comparative",Xenon,Mercury Poisoning,Acetyltransferases,Hexosaminidases,Myofibrils,Aminooxyacetic Acid,Anura,Aminobutyrates,Carboxy-Lyases,4-Aminobutyrate Transaminase,Adrenal Insufficiency,Quipazine,Iohexol,Endorphins,"Enkephalin, Leucine-2-Alanine",Endorphins,Morphinans,"Rats, Inbred Strains",HTLV-I Infections,Atrial Natriuretic Factor,Meglumine,RNA Probes,"Receptors, Neurokinin-2","Plants, Medicinal","Repetitive Sequences, Nucleic Acid",Excitatory Amino Acids,"Receptors, Endothelin",HSP72 Heat-Shock Proteins,Quantum Theory,Specific Pathogen-Free Organisms,Ion Transport,Sampling Studies,Basigin,"Liability, Legal","Food, Formulated","Dose-Response Relationship, Radiation",Neuroepithelial Cells,"Chromosomes, Artificial, Bacterial",Cytoprotection,Stem Cell Niche,Longitudinal Ligaments,Arthropod Antennae,Chemoradiotherapy,Voltage-Gated Sodium Channels,Ependymoglial Cells,Neuronal Outgrowth,Propensity Score,Machine Learning,Virtual Reality
5,Pancreas,Tantalum,Neurosyphilis,Syphilis,Neoplasms,Poliomyelitis,Paranasal Sinuses,Angiomatosis,Hemispherectomy,Tay-Sachs Disease,Cortisone,Neoplasms,Enzymes,Color Vision,"Paralyses, Familial Periodic",Polyarteritis Nodosa,Thrombosis,Tranquilizing Agents,Research,Metabolism,Research,Diffuse Cerebral Sclerosis of Schilder,Dreams,Cerebral Ventriculography,Phosphorus Isotopes,Myofibrils,Iodine Isotopes,Thyroid Function Tests,"Chromatography, Gas",Carbon Radioisotopes,Aminooxyacetic Acid,Tranquilizing Agents,Fibroma,"Ganglia, Autonomic",Chondroma,Penicillin G,Isoniazid,Castration,Castration,Benzodiazepinones,Chemical Phenomena,Flunarizine,"Rats, Inbred Strains",Morphinans,Particle Accelerators,"Rats, Inbred Strains","Receptors, Amino Acid",Fibroblast Growth Factor 1,"Antigens, Differentiation, T-Lymphocyte",Quercetin,Base Sequence,Meglumine,AIDS-Related Opportunistic Infections,Neuregulins,Catchment Area (Health),3T3 Cells,"Sleep Disorders, Circadian Rhythm",Endpoint Determination,Mitogen-Activated Protein Kinases,European Union,Nurse's Role,Mutant Proteins,SMN Complex Proteins,"Dose-Response Relationship, Radiation",Weightlessness,Comparative Genomic Hybridization,Implantable Neurostimulators,Checklist,Tissue Array Analysis,Prepulse Inhibition,Central Amygdaloid Nucleus,Basal Forebrain,Cognitive Aging,Pedicle Screws,Mental Status and Dementia Tests
6,Carbon,Military Medicine,Sutures,Bone and Bones,Ear Neoplasms,Tuberculosis,Amputees,Neoplasms,Tuberculosis,Abscess,Hibernation,Genetics,Tuberculosis,Gamma Rays,Electron Transport Complex II,Paraganglioma,Neurochemistry,Radiometry,Toxicology,Research,Toxicology,Radiometry,Phosphorus Isotopes,Carbon Isotopes,Glucosyltransferases,Colorimetry,Myofibrils,Dihydroxyphenylalanine,"Spectrophotometry, Ultraviolet",Phosphorus Radioisotopes,Pneumoencephalography,Sarcoplasmic Reticulum,Tranquilizing Agents,Ribosomes,Harmaline,Lipofuscin,4-Aminobutyrate Transaminase,"Receptors, Adrenergic",Outcome and Process Assessment (Health Care),Dibenzazepines,Chorionic Gonadotropin,Mycoses,Endarterectomy,Immunoassay,Orthopedic Fixation Devices,Adrenal Gland Neoplasms,"Receptors, Neurotransmitter","Epilepsy, Frontal Lobe",MERRF Syndrome,Base Sequence,AIDS-Related Opportunistic Infections,alpha 1-Antichymotrypsin,Curriculum,Receptor Protein-Tyrosine Kinases,"Chromosomes, Human, Pair 8","Receptors, Pituitary Hormone",Fetal Proteins,"Receptors, Serotonin, 5-HT1",Public Opinion,Color Vision Defects,Ectodysplasins,Mitochondrial Membranes,Unconscious (Psychology),Deception,Space Flight,Coronary Angiography,Chromatin Immunoprecipitation,Magnetic Fields,"Child Development Disorders, Pervasive",Protein Aggregates,Gamma Rhythm,Neurological Rehabilitation,Computed Tomography Angiography,Neurologists,"Antineoplastic Agents, Immunological"
7,Bone and Bones,"Wounds, Penetrating",Hernia,Hypersensitivity,Pick Disease of the Brain,Hysteria,Osteitis Deformans,Pharmaceutical Preparations,Aneurysm,Torso,Polymyositis,Glossopharyngeal Nerve Diseases,Angiomatosis,Hemorrhage,Psychopathology,Torso,Vascular Headaches,Neurochemistry,Physiology,Toxicology,Radiometry,London,Myofibrils,Nissl Bodies,Poisoning,Crustacea,Glucosamine,Glucosephosphate Dehydrogenase,Surface-Active Agents,Galactose,Pimozide,Pimozide,Lipofuscin,Endothelium,Contusions,"Receptors, Histamine H2",Hydroxydopamines,Endorphins,Blood Viscosity,Nucleotidases,Blood Physiological Phenomena,Melanocyte-Stimulating Hormones,Neurokinin B,Thiazepines,Intermediate Filaments,Poly A,Mesoderm,Hemodilution,Granulocytes,"Receptors, Endothelin","Toxoplasmosis, Cerebral",RNA Probes,"Receptors, Antigen, T-Cell, alpha-beta",Carcinogens,Calcium-Calmodulin-Dependent Protein Kinases,Data Display,Thiolester Hydrolases,Cell Compartmentation,"Receptors, Purinergic P2Y1",Color Perception Tests,Causality,"Chemokines, CXC","Urinary Incontinence, Urge",Retinal Horizontal Cells,Adult Stem Cells,Afghan Campaign 2001-,Opsins,"Stroke, Lacunar",Central Nervous System Sensitization,Mindfulness,Publication Bias,Zika Virus,Neuronal Outgrowth,Gastrointestinal Microbiome,Qualitative Research
8,Neurotic Disorders,Neoplasms,Isoflurophate,Cordotomy,Orthopedics,Foramen Magnum,Tantalum,Hibernation,Neoplasms,Cortisone,Contracture,Enzymes,Neoplasms,Pharmaceutical Preparations,Plasma Cells,Apraxias,Body Fluids,supply &amp; distribution,Metabolism,Diagnosis,Anatomy,Biological Assay,Cytoplasmic Granules,Neurosecretion,Sphingomyelins,Acyltransferases,Uridine,"Chromatography, Gas",Cyclohexanes,"Depression, Chemical",Catalysis,Nitrosourea Compounds,Measles virus,Empty Sella Syndrome,Organoids,Polyribosomes,Aldehyde Oxidoreductases,Pimozide,Tranylcypromine,"Dyslexia, Acquired","Enkephalin, Leucine","Rats, Inbred Strains",Adrenal Gland Neoplasms,"Antigens, Differentiation, T-Lymphocyte",Wheat Germ Agglutinins,Pheochromocytoma,Peritoneum,"Receptors, Gastrointestinal Hormone",Fetal Tissue Transplantation,"Repetitive Sequences, Nucleic Acid",Meglumine,Base Sequence,DNA Fragmentation,DNA Fragmentation,"GTP-Binding Protein alpha Subunits, Gs",Insect Proteins,Organic Anion Transporters,Cuba,Cyclin-Dependent Kinases,Inhibitory Concentration 50,Drug Interactions,Protein Interaction Mapping,Channelopathies,Sodium Potassium Chloride Symporter Inhibitors,"Vision, Low",Military Medicine,Neuropsychiatry,Retinal Neurons,Venous Insufficiency,Accelerometry,Prepulse Inhibition,Arterial Pressure,Virtual Reality,Patient Reported Outcome Measures,Gastrointestinal Microbiome
9,Eye Abnormalities,Penicillins,Asphyxia,Renal Insufficiency,Disease,Pylorus,Tuberculosis,Platybasia,Choroid,Fistula,Dermatomyositis,Neurochemistry,Cortisone,Phosphorus Radioisotopes,Hydrophobic and Hydrophilic Interactions,Neoplasms,Nerve Tissue,Osteoma,Electron Transport Complex II,Geriatrics,History of Medicine,Nutritional Physiological Phenomena,Diffuse Cerebral Sclerosis of Schilder,Encephalomalacia,Tibia,Tectum Mesencephali,Pneumoencephalography,"Reflex, Monosynaptic",Evaluation Studies as Topic,Ketoglutaric Acids,Sarcoplasmic Reticulum,Drug Evaluation,Glucosamine,Microvilli,Hydroxybutyrates,Prejudice,Castration,Platelet Aggregation,Flunitrazepam,Speech Production Measurement,Hydroxydopamines,"Receptors, Angiotensin",Poly A,Acquired Immunodeficiency Syndrome,Multiple Trauma,"Sequence Homology, Nucleic Acid",Intermediate Filaments,"Receptors, Neurotransmitter","Genes, fos",Zidovudine,Oncorhynchus mykiss,MEDLINE,"Anatomy, Artistic",Amyloid Neuropathies,Neurturin,Chemokine CCL4,Nitrogen Oxides,Interleukin-12,Organic Anion Transporters,Peroxynitrous Acid,Review Literature as Topic,Information Storage and Retrieval,Sickness Impact Profile,Inheritance Patterns,Central Nervous System Agents,Automation,Electrochemical Techniques,International Classification of Diseases,Mechanical Thrombolysis,Multimodal Imaging,Information Dissemination,Neuroprotection,"Protein Aggregation, Pathological",Neurosurgeons,Nesting Behavior
10,Hypersensitivity,Abscess,Cholinesterases,Electricity,General Surgery,Carotid Sinus,Cardiovascular Agents,Psychosurgery,Phantom Limb,Tuberculoma,Bone and Bones,Body Fluids,Cholesteatoma,Electricity,Neoplasms,Retinal Artery,Lysergic Acid Diethylamide,Medicine,"Anatomy, Comparative",Blood Circulation,Tay-Sachs Disease,Anura,Resuscitation,Microscopy,Tranquilizing Agents,Pneumoencephalography,Tranquilizing Agents,Acid-Base Equilibrium,Silver,"Chromatography, Gas","Pain, Intractable",Jews,Carboxy-Lyases,Anura,Intercellular Junctions,Quinuclidinyl Benzilate,Gills,Antigen-Antibody Complex,Neurophysins,Immunochemistry,"Enkephalin, Methionine",Nucleotidases,"Receptors, Adrenergic, alpha",Sodium Fluoride,Pheochromocytoma,Panic,"Receptors, Purinergic",Nimustine,Computer Communication Networks,"Receptors, Cholecystokinin","Ganglia, Sensory",Olivopontocerebellar Atrophies,Antisense Elements (Genetics),Zinc Fingers,Nitroso Compounds,"Plants, Medicinal",Specific Pathogen-Free Organisms,"Potassium Channels, Calcium-Activated",Sampling Studies,Prostaglandin-Endoperoxide Synthases,"Chemokines, CXC",Multipotent Stem Cells,Acclimatization,Psychological Theory,Stem Cell Niche,TDP-43 Proteinopathies,Frontotemporal Lobar Degeneration,Cholinergic Neurons,"RNA, Untranslated",Mirror Neurons,Protein Aggregates,Neurologists,Clinical Decision-Making,"Sequence Analysis, RNA",Optogenetics
11,Hyperplasia,Equipment and Supplies,Neurotic Disorders,Osteogenesis,Mucous Membrane,Exophthalmos,Arachnoiditis,Rupture,Accidents,Carotid Sinus,Neoplasms,Palate,Oxidoreductases,"Influenza, Human",Nervous System Physiological Phenomena,Xanthomatosis,Oxidoreductases,Cysticercosis,Diagnosis,Congenital Abnormalities,Urine,Lipoproteins,Carbon Isotopes,Diffuse Cerebral Sclerosis of Schilder,Spectrophotometry,Uridine,Ribosomes,Ketoglutaric Acids,Partial Pressure,S-Adenosylmethionine,Tranquilizing Agents,"Biological Transport, Active",Aminobutyrates,Carboxy-Lyases,Carotid Artery Thrombosis,Cordotomy,gamma-Glutamyltransferase,Electrolytes,Thirst,Neurophysins,"Rats, Inbred Strains",Methysergide,Antigen-Antibody Complex,Oxadiazoles,Atrial Natriuretic Factor,Granulocytes,Fetal Tissue Transplantation,"Radiotherapy Planning, Computer-Assisted",Olivopontocerebellar Atrophies,RNA Probes,Neuromuscular Blocking Agents,Computer Systems,"Repetitive Sequences, Nucleic Acid",Nitrogen Oxides,Buthionine Sulfoximine,Songbirds,Dysferlin,"Sleep Disorders, Circadian Rhythm","Chromosomes, Human, X",Gastrointestinal Neoplasms,radiation effects,Tuberous Sclerosis Complex 2 Protein,Critical Period (Psychology),"Food, Formulated",Protein Stability,Adrenergic alpha-1 Receptor Antagonists,Enzyme Replacement Therapy,"Mice, 129 Strain",Electroencephalography Phase Synchronization,Actigraphy,Spinal Cord Dorsal Horn,Computed Tomography Angiography,Mental Status and Dementia Tests,"Diskectomy, Percutaneous",Multifactorial Inheritance
12,Acoustics,Bone and Bones,Fibrin,"Puberty, Precocious",Dilatation,Pituitary Diseases,Cortisone,Science,Trachea,Accidents,Osteitis Deformans,Electrons,Eosinophilia,Enzymes,X-Rays,Thrombosis,Intracranial Embolism,Metabolism,Classification,"Surgical Procedures, Operative",Blood,"Pregnancy, Animal","Lipid Metabolism, Inborn Errors",Myofibrils,Cryosurgery,Poisoning,Achilles Tendon,Blood Sedimentation,Glucosyltransferases,Tranquilizing Agents,Nucleotidases,Ethylnitrosourea,"Education, Medical, Undergraduate",Haplorhini,Certification,Vascular Headaches,Phosphatidic Acids,Organoids,Quinuclidinyl Benzilate,"Receptors, Opioid",Pyrethrins,Endarterectomy,Radio Waves,"Receptors, Neurotransmitter",Inositol Phosphates,alpha-Methyltyrosine,Pheochromocytoma,Ubiquitins,Paraffin Embedding,"Enkephalin, D-Penicillamine (2,5)-",Olivopontocerebellar Atrophies,Human T-lymphotropic virus 1,Case Management,Cysteine Endopeptidases,Word Association Tests,"Muscular Dystrophy, Emery-Dreifuss","Crosses, Genetic",Basigin,"Potassium Channels, Calcium-Activated",Demography,Pulmonary Gas Exchange,Review Literature as Topic,Nurse's Role,Clinical Laboratory Techniques,Embryonic Stem Cells,Protein Stability,"Crystallography, X-Ray","Diagnostic Techniques, Urological",Serotonergic Neurons,DNA Repeat Expansion,Sensorimotor Cortex,Facial Recognition,Neurovascular Coupling,Electrocorticography,High-Throughput Nucleotide Sequencing
13,Neuroma,Blood Circulation,General Surgery,"Reflex, Babinski",Liver Diseases,X-Rays,Psychosurgery,Amblyopia,Cryptococcosis,Rehabilitation,Communicable Diseases,Cortisone,Nervous System Physiological Phenomena,Phosphorus,Hysteria,Oxidoreductases,Neoplasms,Oxidoreductases,Neurochemistry,Classification,Drug Therapy,Nitrogen,Tectum Mesencephali,Cytoplasmic Granules,Phosphates,Dilatation,Neurosecretion,Encephalomalacia,Uridine,Drug Stability,Ketoglutaric Acids,"Ganglia, Autonomic",Cyproheptadine,Pyruvates,Haplorhini,Protein Deficiency,"Receptors, Adrenergic",Phospholipases,Quipazine,Intestinal Absorption,"Pituitary Gland, Anterior",Hydroxydopamines,Histocytochemistry,Galactosyltransferases,"Receptors, Adrenergic, alpha",Praziquantel,"Sequence Homology, Nucleic Acid",Saudi Arabia,"Receptors, Bradykinin",Health Care Reform,Oximes,Ciliary Neurotrophic Factor,Calmodulin-Binding Proteins,Collagenases,Neuregulins,R-SNARE Proteins,Tiagabine,N-Glycosyl Hydrolases,Matched-Pair Analysis,Protein Interaction Mapping,Diet Therapy,Organogenesis,Altitude,Cerebrum,"Receptors, Serotonin, 5-HT2",Sensory System Agents,Electrophysiological Phenomena,Molecular Imaging,"Graft Occlusion, Vascular",Hysteria,Spatial Navigation,Drug Resistant Epilepsy,Operative Time,Memory Consolidation,Neuronal Outgrowth
14,Bone Marrow,Disease,"Trauma, Nervous System",Phosphorus,Tantalum,Urine,Aneurysm,Famous Persons,Sarcoma,Acoustics,Papilloma,Electrolytes,X-Rays,Cryptococcosis,Asphyxia,Tranquilizing Agents,Radiometry,Body Fluids,Crustacea,Urine,Microscopy,Tectum Mesencephali,Poisoning,Oxidoreductases,Fructose-Bisphosphate Aldolase,Tranquilizing Agents,Methyltransferases,Glucosamine,Dihydroxyphenylalanine,Dilatation,Drug Evaluation,Vinblastine,Mitochondrial Swelling,Organoids,Pneumoencephalography,"Aphasia, Broca",Carboxy-Lyases,Adrenal Insufficiency,Toxoplasmosis,"Enkephalin, Methionine",Substantia Innominata,"Pituitary Gland, Anterior",Wheat Germ Agglutinins,Neurophysins,"Antigens, Differentiation, T-Lymphocyte",Adenosine-5'-(N-ethylcarboxamide),Sodium Fluoride,Opportunistic Infections,Glutamates,Water-Electrolyte Balance,Hydroxyl Radical,Glycosylphosphatidylinositols,Cross-Linking Reagents,Plasminogen Activators,Manganese Poisoning,N-Glycosyl Hydrolases,Data Display,5' Untranslated Regions,Heterotrimeric GTP-Binding Proteins,Genetic Heterogeneity,Organogenesis,Inheritance Patterns,Conflict of Interest,Bumetanide,Mitochondrial Membranes,"Cranial Fossa, Anterior","Spectrometry, Mass, Electrospray Ionization",Electrophysiological Phenomena,Molecular Targeted Therapy,Optical Imaging,Spatial Processing,Neurodevelopmental Disorders,Neurologists,Cognitive Aging,CX3C Chemokine Receptor 1
15,"Wounds, Penetrating",General Surgery,Neoplasms,Parotid Gland,Barbiturates,Meninges,Cryptococcosis,Neuritis,Nervous System Physiological Phenomena,Thrombosis,Arteritis,Neuritis,Polyarteritis Nodosa,Lysergic Acid Diethylamide,Papilloma,Tay-Sachs Disease,Hydrolases,Neoplasms,Congenital Abnormalities,Microscopy,Cryosurgery,Cerebral Ventriculography,Microscopy,Achilles Tendon,Pneumoencephalography,Phosphorus Isotopes,Spectrophotometry,Hexokinase,Tranquilizing Agents,Acetyltransferases,Methyltransferases,Carboxy-Lyases,Haplorhini,"Muscular Dystrophy, Animal",4-Aminobutyrate Transaminase,Hydroxydopamines,Endarterectomy,Methysergide,"Rats, Inbred Strains",Chemical Phenomena,Membrane Fluidity,Poly A,Pheochromocytoma,Voice Disorders,Succinimides,Bridged-Ring Compounds,Facial Bones,Wheat Germ Agglutinins,Database Management Systems,Microwaves,Terpenes,Polychlorinated Biphenyls,Endoscopes,Spider Venoms,Focal Adhesion Kinase 1,Nucleic Acid Synthesis Inhibitors,Saccharomyces cerevisiae Proteins,Peroxynitrous Acid,Magnetics,"Myoclonic Epilepsy, Juvenile",Persistent Vegetative State,Truth Disclosure,Matched-Pair Analysis,"Peer Review, Research",Synaptic Potentials,RNA-Binding Protein FUS,Biophysics,Venous Insufficiency,Mentors,Dorsal Raphe Nucleus,Patient Outcome Assessment,Self-Control,"Printing, Three-Dimensional",Drug Resistant Epilepsy,Neurological Rehabilitation
16,Pneumocephalus,Lip,Superior Sagittal Sinus,Sweat Glands,Pharmaceutical Preparations,Neuritis,Hemangioma,Dyskinesias,Polyarteritis Nodosa,Analgesia,Aneurysm,Cholesteatoma,Esters,Arthrogryposis,Nitrogen,Electrolytes,Epistaxis,Sarcoma,Brachial Artery,Glucosephosphate Dehydrogenase,Congenital Abnormalities,Penicillin G,Cryosurgery,"Paralyses, Familial Periodic",Encephalomalacia,Muscle Spindles,Fructose-Bisphosphate Aldolase,"Chromatography, Ion Exchange",Aminobutyrates,Isotope Labeling,Aminobutyrates,Penicillin G,Menkes Kinky Hair Syndrome,Pimozide,Intestinal Absorption,Tupaiidae,Dental Pulp,Benzodiazepinones,Endarterectomy,Castration,Bombesin,Cryptococcosis,Intercostal Nerves,Trihexyphenidyl,"Receptors, Amino Acid",Wheat Germ Agglutinins,Neurokinin A,Parasympathomimetics,Eye Enucleation,"Chromatography, Affinity","Genes, Viral",Calmodulin-Binding Proteins,"Receptors, Pituitary Hormone","Receptors, Nerve Growth Factor",Electromagnetic Phenomena,Landau-Kleffner Syndrome,"Receptors, Pituitary Hormone",Holoprosencephaly,Bronchi,"Radiotherapy, Conformal",Brain Stem Infarctions,Ectodysplasins,Review Literature as Topic,"Amnesia, Anterograde",Color Vision,GTP-Binding Protein alpha Subunits,Post-Synaptic Density,Meditation,Electrophysiological Phenomena,Nociceptive Pain,Accelerometry,Spatial Learning,Neurosurgeons,Tumor Microenvironment,Meningeal Carcinomatosis
17,Feeding and Eating Disorders,"Anesthesia, Spinal","Puberty, Precocious",Transplants,Papilloma,Syphilis,Toxoplasmosis,Tuberculosis,Electrolytes,Anemia,Angiography,Hemispherectomy,"Ganglia, Autonomic",Rabies,Isoniazid,Neuritis,Asphyxia,Silver,Blood Pressure Determination,Tay-Sachs Disease,Hypertonic Solutions,Thyroidectomy,Transaminases,Tranquilizing Agents,Hypokalemia,Autopsy,"Lipid Metabolism, Inborn Errors",Carboxy-Lyases,Ovulation,Glucosamine,Reserpine,Ribosomes,Microwaves,Castration,Candidiasis,"Receptors, Histamine",Peritoneal Cavity,"Infant, Small for Gestational Age",Fibromuscular Dysplasia,Myelin P2 Protein,Vas Deferens,Chemical Phenomena,Iopamidol,Hydroxydopamines,Adrenergic Fibers,"3-Pyridinecarboxylic acid, 1,4-dihydro-2,6-dimethyl-5-nitro-4-(2-(trifluoromethyl)phenyl)-, Methyl ester",Epidural Neoplasms,Ibotenic Acid,Serologic Tests,Endoscopes,Organotechnetium Compounds,Insect Hormones,Plasminogen Activators,Ion Transport,Isomerism,"Antigens, Differentiation",Caspase Inhibitors,Mitogen-Activated Protein Kinases,Cysteine Endopeptidases,Trans-Activators,Drug Therapy,Human Body,"Chemotaxis, Leukocyte","Foramen Ovale, Patent",Tubulin Modulators,"Cranial Fossa, Middle",Sus scrofa,Adrenergic Neurons,Functional Neuroimaging,Spatial Memory,Basal Forebrain,Datasets as Topic,Memory Consolidation,Neurodevelopmental Disorders,Patient Reported Outcome Measures
18,Neurosyphilis,Ciliary Body,Eustachian Tube,Aminoquinolines,Hemostasis,Polyarteritis Nodosa,Pancreas,Syphilis,European Union,Neurofibromatoses,Hemispherectomy,Carotid Sinus,"Anesthesia, Spinal",Hypothermia,Enzymes,Neurochemistry,Nervous System Physiological Phenomena,Basal Forebrain,Syphilis,Athetosis,Physiology,Fetal Death,Athetosis,"Chromatography, Gas",Transaminases,Fructose-Bisphosphate Aldolase,Drug Antagonism,Tranquilizing Agents,Nissl Bodies,Adenosine Monophosphate,Infarction,Cyproheptadine,Polyribosomes,Lipofuscin,Carnitine O-Palmitoyltransferase,Hexosaminidases,Empty Sella Syndrome,Myelin P2 Protein,Benzodiazepinones,Isoniazid,Premedication,Galactosylceramides,Neurokinin A,Diglycerides,Reflex Sympathetic Dystrophy,Bridged Bicyclo Compounds,Poly A,Adenosine-5'-(N-ethylcarboxamide),Epidural Neoplasms,"Genes, fos",Spider Venoms,"Ganglia, Sensory","Receptors, Nerve Growth Factor",Nuclear Family,"Macrophages, Peritoneal",Tiagabine,Pick Disease of the Brain,Multienzyme Complexes,Multienzyme Complexes,Anterior Temporal Lobectomy,TNF-Related Apoptosis-Inducing Ligand,Chemical Warfare Agents,Expressed Emotion,Sodium-Potassium-Chloride Symporters,"Chromosomes, Artificial, Bacterial","Iraq War, 2003-2011",Resistance Training,Gene-Environment Interaction,Pair Bond,Brain-Computer Interfaces,Gray Matter,Memory Consolidation,Gastrointestinal Microbiome,"Printing, Three-Dimensional","Sequence Analysis, RNA"
19,Carotid Body,Galago,Publications,Acids,Aminoquinolines,Bone and Bones,Automatism,Automatism,Surgeons,Syphilis,Blood Coagulation,Accidents,Hemispherectomy,Neurofibromatoses,Encephalomyelitis,Electron Transport Complex II,Papilloma,Thalidomide,Anatomy,Hypothermia,Transaminases,Enzymes,Cerebral Ventriculography,Connective Tissue,Dibenzazepines,"Reflex, Monosynaptic",Succinates,Thyroidectomy,Fructose-Bisphosphate Aldolase,Aminobutyrates,Chemical Phenomena,Facial Neoplasms,Akinetic Mutism,Cyproheptadine,"Infant, Small for Gestational Age",Nucleotidases,Cleft Palate,Acrylamides,Computers,"Rats, Inbred Strains",Inosine,Histocytochemistry,Peritoneal Cavity,Neurocognitive Disorders,Acrylamide,Moths,Brain Tissue Transplantation,Blood Physiological Phenomena,Chromogranins,"Receptors, Antigen, T-Cell, alpha-beta",Substantia Innominata,"Ultrasonography, Doppler, Color",Isomerism,"Sequence Homology, Amino Acid",X Chromosome,Cyclin-Dependent Kinases,Mitogen-Activated Protein Kinases,Caspase Inhibitors,Membrane Transport Proteins,West Nile Fever,Mutagenesis,Ginkgo biloba,Lithium Compounds,Bulimia Nervosa,Psychoacoustics,Cannabinoid Receptor Modulators,"Antibodies, Monoclonal, Murine-Derived",Molecular Targeted Therapy,Adrenergic Neurons,"Stroke, Lacunar",White Matter,Transcranial Direct Current Stimulation,Lower Urinary Tract Symptoms,Computed Tomography Angiography,Neurodevelopmental Disorders
20,Thrombin,Renal Insufficiency,Papilloma,Stellate Ganglion,Cholesteatoma,Osteoma,Fasciculation,Ribs,Physiology,Polyarteritis Nodosa,Nervous System Physiological Phenomena,Wounds and Injuries,Osteitis Deformans,Neuropsychiatry,Multiple Myeloma,Poliomyelitis,Nitrogen,Choroid,Cryosurgery,Electron Transport Complex II,Geriatrics,Methylene Blue,Glucosephosphate Dehydrogenase,Isotonic Solutions,Partial Pressure,Glucosamine,Radioisotopes,Radioisotopes,Adenosine Monophosphate,Sphingomyelins,Automatism,Traction,"Ganglia, Autonomic",Cerebroside-Sulfatase,Ovulation,Carboxy-Lyases,Quinuclidinyl Benzilate,Carnosine,"Enkephalin, Leucine",Cyproheptadine,beta-Endorphin,4-Aminobutyrate Transaminase,Immunoenzyme Techniques,Iopamidol,Quinuclidinyl Benzilate,"Antigens, Differentiation, T-Lymphocyte","Antigens, Differentiation, T-Lymphocyte",Oligonucleotides,Poly A,Amyloid Neuropathies,Nursing Assessment,Cheek,Cyclin-Dependent Kinases,Isomerism,Nuclear Family,Mitochondrial Myopathies,Catchment Area (Health),Absorbable Implants,"Amino Acid Transport Systems, Neutral",Membrane Transport Proteins,"Models, Immunological",Cell Shape,Peptide Hormones,Cytoprotection,"Environment, Controlled",Genome-Wide Association Study,"Mice, 129 Strain",Patient Safety,"Intensive Care Units, Pediatric",Taste Perception,Mechanistic Target of Rapamycin Complex 1,Spatial Memory,Electrocorticography,Visual Analog Scale,Neurosurgeons
21,Cysticercosis,Sympathectomy,Viscosity,Crustacea,Shoulder Joint,Palmitates,"Injections, Intradermal",Myocardial Contraction,Colloid Cysts,Cochlear Diseases,Arteries,Nervous System Physiological Phenomena,Glossopharyngeal Nerve Diseases,Polyarteritis Nodosa,Radioisotopes,Psychopharmacology,Heterocyclic Compounds,Chromosomes,Mortality,"Psychology, Child",Crustacea,Body Fluids,Spectrophotometry,Isoniazid,Diet Therapy,Cryosurgery,"Reflex, Monosynaptic",Pyruvates,Eosinophils,Sulfoglycosphingolipids,Papio,Haplorhini,Hexokinase,Ethylnitrosourea,Chorionic Gonadotropin,Endorphins,Peroxidases,"Chromatography, Affinity",Phospholipases,Substantia Innominata,Acrylamide,Cross Reactions,Interferon Type I,Opportunistic Infections,Infusion Pumps,Microcomputers,"Genes, Viral",Fetal Tissue Transplantation,Torpedo,Hypoxanthine Phosphoribosyltransferase,Molecular Sequence Data,Polymerase Chain Reaction,Antibody Specificity,"Magnetic Resonance Imaging, Cine",Chemokine CCL3,Ciliary Body,"Antigens, Differentiation","Receptors, Cytokine","Sequence Analysis, Protein",Aquaporins,Caspases,Electric Capacitance,Altitude Sickness,X-Linked Inhibitor of Apoptosis Protein,Biophysical Phenomena,Embryonic Stem Cells,Primary Cell Culture,Repetition Priming,Mirror Neurons,"Child Development Disorders, Pervasive",Mindfulness,Neurosurgeons,"Brain Injuries, Traumatic","Brain Injuries, Traumatic",Czech Republic
22,Disease,Myotonia,Dioxoles,Needles,"Papilloma, Choroid Plexus",Cataplexy,Neurotic Disorders,Poliomyelitis,Osteitis Deformans,Nervous System Physiological Phenomena,Peritoneum,Cryptococcosis,Plasma,Space Flight,Nerve Tissue,Television,Tay-Sachs Disease,Enzymes,Athetosis,Blood Pressure Determination,Blood Chemical Analysis,Phosphates,Phenylketonurias,Lipids,Diffuse Cerebral Sclerosis of Schilder,Diffuse Cerebral Sclerosis of Schilder,Aminobutyrates,Hexosaminidases,Dioxoles,Pyruvates,"Receptors, Drug",Aminobutyrates,Tyramine,Lesch-Nyhan Syndrome,Penicillin G,Nutrition Disorders,Morphinans,Pargyline,Neuraminidase,Morphinans,Dipeptidyl-Peptidases and Tripeptidyl-Peptidases,Proteolipids,Hydroxydopamines,Guanine Nucleotides,Somatomedins,Arylamine N-Acetyltransferase,"Receptors, Adrenergic, alpha",Inositol Phosphates,Adenosine-5'-(N-ethylcarboxamide),Organometallic Compounds,Hyaluronan Receptors,X Chromosome,"Anesthetics, General",Multigene Family,Nitric Oxide Donors,Fas Ligand Protein,Cyclin-Dependent Kinases,"Chemotaxis, Leukocyte","Receptors, Serotonin, 5-HT1",5' Untranslated Regions,Propidium,Sickness Impact Profile,Inheritance Patterns,"Alcohol-Induced Disorders, Nervous System",Quadriceps Muscle,Aripiprazole,Kruppel-Like Transcription Factors,Functional Neuroimaging,"Infusions, Intraventricular",Gray Matter,Delay Discounting,Autism Spectrum Disorder,Facial Recognition,Intraoperative Neurophysiological Monitoring,Fuzzy Logic
23,Insecta,Fibrosarcoma,Mycobacterium tuberculosis,Psychosurgery,Alcohols,General Surgery,Osteoma,Bone Diseases,Sympathectomy,Connective Tissue Diseases,Isoniazid,Gamma Rays,Superior Sagittal Sinus,Esters,Cell Respiration,Hypothermia,Respiratory Paralysis,Paranasal Sinuses,Phosphorus Isotopes,Blood Chemical Analysis,Glycogen Storage Disease,Kidney Diseases,Crustacea,Muscle Spindles,"Genetic Diseases, Inborn",Aminobutyrates,Pyruvates,"RNA, Transfer",Aspartate Aminotransferases,Myofibrils,Intercellular Junctions,Pyruvates,Pyruvates,Drug Stability,"Chromatography, Gas",Ranidae,Carboxylic Ester Hydrolases,4-Aminobutyrate Transaminase,Bombesin,beta-Endorphin,Mycoses,"Enkephalin, Methionine",Adrenergic Fibers,Tupaiidae,Heparitin Sulfate,"Receptors, Gastrointestinal Hormone",Litter Size,Phosphatidylinositols,Inositol Phosphates,Molecular Sequence Data,Quinolizines,Evaluation Studies as Topic,Carcinogens,Autocrine Communication,Carcinogens,Ubiquitins,Two-Hybrid System Techniques,"Fractures, Spontaneous","Myocytes, Smooth Muscle",Ectodysplasins,Confidence Intervals,Retinal Horizontal Cells,Collagen Type I,Lateral Line System,Leukocytosis,Prosthesis Implantation,Ubiquitination,Asymptomatic Diseases,Drug-Seeking Behavior,Spatial Processing,Autism Spectrum Disorder,Spinal Cord Dorsal Horn,Machine Learning,"NLR Family, Pyrin Domain-Containing 3 Protein",Transcriptome
24,Anorexia Nervosa,Superior Sagittal Sinus,Arachnoiditis,Mammals,Isotonic Solutions,Hypersensitivity,"Carotid Artery, Common",Urinary Tract,Glossopharyngeal Nerve Diseases,Neoplasms,Poliomyelitis,Adrenal Cortex,Encephalomyelitis,"Ganglia, Autonomic",Angiomatosis,Neurofibroma,Alcoholic Intoxication,Toxoplasmosis,Tissue Adhesives,Brachial Artery,Blood Pressure Determination,Amniotic Fluid,Oxidoreductases,Palate,"Carbohydrate Metabolism, Inborn Errors",Brachial Artery,Poisoning,Uridine,Isotope Labeling,Carboxy-Lyases,Nissl Bodies,Glycogen Storage Disease,Obstetric Labor Complications,Fibrinolysis,Cyproheptadine,"Infant, Small for Gestational Age",Muridae,"Rats, Inbred Strains",Nucleotidases,Galactosylceramides,Neurophysins,Diltiazem,Hydrazines,Pindolol,Bombesin,Neurocognitive Disorders,"Mitochondria, Muscle",Mesoderm,Zidovudine,Excitatory Amino Acids,Pupa,"DNA, Complementary",Polychlorinated Biphenyls,Activity Cycles,Proto-Oncogene Proteins c-ret,fas Receptor,Molecular Motor Proteins,Saccharomyces cerevisiae Proteins,Cyclins,"Sequence Analysis, Protein","Lens, Crystalline",Drug Interactions,"Data Interpretation, Statistical",TRPA1 Cation Channel,Dystrophin-Associated Proteins,Adaptive Immunity,Arthropod Antennae,Biophysics,Cannabinoid Receptor Agonists,Exome,Natural Orifice Endoscopic Surgery,Independent Living,Cervical Cord,Self-Control,Autism Spectrum Disorder
25,Appetite,Nervous System,Cockroaches,Nervous System Physiological Phenomena,Peritoneum,Glossopharyngeal Nerve Diseases,"Heart Defects, Congenital","Epilepsy, Post-Traumatic",Supratentorial Neoplasms,Angiography,Color Vision,Abscess,Health Promotion,Osteitis Deformans,Fetal Diseases,Tuberculosis,Hemispherectomy,Proteolipids,Plasmalogens,Radiometry,"Anatomy, Comparative",Phosphorus Isotopes,Asphyxia,Spasm,Neurosecretion,Glucosyltransferases,Radiometry,Surface-Active Agents,Carboxy-Lyases,Phosphatidylethanolamines,Neostigmine,Ovary,Fenclonine,Melanocyte-Stimulating Hormones,"Epilepsy, Post-Traumatic",Poly A,Fibromuscular Dysplasia,Barbiturates,Inosine,Median Eminence,Muridae,beta-Endorphin,Oxadiazoles,Quinuclidinyl Benzilate,Hydroxydopamines,Oxadiazoles,Nursing Assessment,"Muscle, Smooth, Vascular",Activity Cycles,Neuromuscular Blocking Agents,"Receptors, Bradykinin",Isomerism,alpha 1-Antichymotrypsin,Serine Proteinase Inhibitors,Sequence Alignment,"Receptors, Cytokine",ATP-Binding Cassette Transporters,Pick Disease of the Brain,Drug Administration Routes,Cranial Nerve Injuries,Otolaryngology,Embryonic Development,Cytoprotection,Risk Reduction Behavior,Speech Acoustics,"Pattern Recognition, Physiological",Retinal Pigment Epithelium,"Epilepsy, Benign Neonatal",Resistance Training,C9orf72 Protein,Facial Recognition,"Infant, Extremely Premature",Delay Discounting,Osteoporotic Fractures,Spatial Processing
26,Cardiovascular System,Mucocele,Stellate Ganglion,Deception,Duodenum,Hyperplasia,Physical Examination,"Anesthesia, Spinal",Thrombosis,Amenorrhea,Wounds and Injuries,Liver Cirrhosis,Serum,Renal Insufficiency,Carbohydrates,Hemangioma,Duodenum,Congenital Abnormalities,Microscopy,Nucleotidases,Fetal Death,Reticular Formation,Sound,Organoids,Histological Techniques,Iodine Isotopes,Histological Techniques,Drug Antagonism,Cell Nucleolus,Fructose-Bisphosphate Aldolase,"Biological Transport, Active",Hexosaminidases,Ovulation,"Paralyses, Familial Periodic",Isoniazid,Tissue Preservation,Penicillin G,Galactosyltransferases,Platelet Aggregation,Polyarteritis Nodosa,"2',3'-Cyclic-Nucleotide Phosphodiesterases","Trigeminal Nucleus, Spinal","Enkephalin, Leucine-2-Alanine",beta-N-Acetylhexosaminidases,Sex Chromosome Aberrations,"Acidosis, Lactic",Moths,Photoreceptor Cells,Ubiquitins,Transforming Growth Factor alpha,Health Care Reform,Antisense Elements (Genetics),Birds,Benzeneacetamides,Songbirds,Pick Disease of the Brain,Dipeptidyl-Peptidases and Tripeptidyl-Peptidases,NF-KappaB Inhibitor alpha,Uridine Triphosphate,Magnetics,Electrophoretic Mobility Shift Assay,Reverse Transcriptase Polymerase Chain Reaction,Rivastigmine,Stereotyping,Multipotent Stem Cells,Quinolones,Voltage-Sensitive Dye Imaging,Sensory Gating,Observation,Neurophysiological Monitoring,Afghan Campaign 2001-,Binge Drinking,Self-Control,Time-to-Treatment,Habenula
27,Meningocele,Geniculate Ganglion,Vocal Cord Paralysis,"Hospitals, Psychiatric",Poliomyelitis,Encephalomyelitis,Rupture,Hemangioma,Hyperesthesia,Brucellosis,Echinococcosis,Psychotic Disorders,Nerve Tissue,Dilatation,Polyarteritis Nodosa,Neurofibromatoses,Encephalomyelitis,Neurofibromatoses,Oxidoreductases,Radioisotopes,"Surgical Procedures, Operative",Syphilis,Protein Deficiency,Fructose-Bisphosphate Aldolase,Acyltransferases,Phenylalanine,Encephalomalacia,Glycogen,Encephalomalacia,Ribosomes,Benserazide,Sulfoglycosphingolipids,Lysergic Acid Diethylamide,Ophthalmoscopy,Protein Deficiency,Intercellular Junctions,Hydroxybutyrates,Neurophysins,"Reflex, Stretch",Quinuclidinyl Benzilate,Fibromuscular Dysplasia,Panic,Organoids,Blepharospasm,Opportunistic Infections,Hydroxydopamines,Pindolol,Intermediate Filaments,"Immunization, Passive",Adenosine-5'-(N-ethylcarboxamide),"Chromosomes, Human, Pair 14",Serine Proteinase Inhibitors,Lyme Disease,Oncorhynchus mykiss,"Sequence Homology, Amino Acid",Antisense Elements (Genetics),Chemokine CCL4,Two-Hybrid System Techniques,Paraneoplastic Cerebellar Degeneration,"Amino Acid Transport Systems, Neutral",Peptide Hormones,Proteasome Inhibitors,Apoptosis Inducing Factor,Probability Learning,Nurse's Role,Voltage-Sensitive Dye Imaging,"Fractures, Compression",Mirror Neurons,GABAergic Neurons,Adrenergic Neurons,Craving,Observational Studies as Topic,Neurodevelopmental Disorders,Clinical Decision-Making,Delay Discounting
28,Quaternary Ammonium Compounds,Pigmentation,Phosphates,Arthrogryposis,Encephalomyelitis,Phantom Limb,Surgeons,Tuberculoma,"Neuroectodermal Tumors, Primitive, Peripheral",Aneurysm,Cardiovascular System,Syphilis,Hypnosis,Lipid Metabolism,Automatism,Ganglia,"Blindness, Cortical",Cholinesterases,Angiomatosis,Drug Therapy,NADP,Maternal Age,Tranquilizing Agents,Tomography,Electrolytes,Crying,Microsomes,Esters,Phosphorus Isotopes,Ovulation,Hydroxybutyrates,"Reflex, Monosynaptic",Menstruation,Hibernation,Anura,Quipazine,Pulse,Hematologic Diseases,"Receptors, Adrenergic",Patient Care,Guanine Nucleotides,Endothelium,Veratridine,Pheochromocytoma,Moths,Fluorescein-5-isothiocyanate,Nervous System Neoplasms,Neurocognitive Disorders,omega-Conotoxins,Gene Amplification,Azocines,Nitroprusside,Landau-Kleffner Syndrome,N-Glycosyl Hydrolases,Glial Cell Line-Derived Neurotrophic Factor Receptors,Cell Size,1-Alkyl-2-acetylglycerophosphocholine Esterase,Korsakoff Syndrome,Pelizaeus-Merzbacher Disease,Absorbable Implants,Iodine Isotopes,SMN Complex Proteins,"Receptor, EphA4",Cell Shape,Automation,Vascular Endothelial Growth Factor Receptor-2,"Antibodies, Neutralizing",Chromatin Immunoprecipitation,Arthropod Antennae,Photomicrography,Mathematical Concepts,Ventral Striatum,Pedicle Screws,Neurological Rehabilitation,Dorsal Raphe Nucleus
29,Ammonia,Sarcoma,Nerve Tissue,Stuttering,"Blindness, Cortical",Conversion Disorder,Islets of Langerhans,Colloid Cysts,Arteries,Colloid Cysts,Chlorpromazine,Nitrogen,"Reflex, Babinski",Encephalomyelitis,Thrombosis,Dyskinesias,Neck Injuries,Carbon,Ataxia Telangiectasia,Nissl Bodies,Aspartate Aminotransferases,Bone Cysts,Dactinomycin,"Lipid Metabolism, Inborn Errors",Dwarfism,Lipoproteins,Phosphorus Isotopes,Aminobutyrates,Pyruvates,Pargyline,Chlorpromazine,"Depression, Chemical",Probenecid,Biogenic Amines,Peroxidases,Nitrosourea Compounds,Probenecid,Acetyl Coenzyme A,Nitrosourea Compounds,Hexosaminidases,Vascular Headaches,Aminopyridines,Infusion Pumps,Intermediate Filaments,Substantia Innominata,Glycosphingolipids,Panic,"Peptides, Cyclic",Cardiopulmonary Bypass,Fluorides,"DNA, Complementary",Paranasal Sinuses,"RNA, Antisense",Documentation,Amyloid Neuropathies,Suramin,Autocrine Communication,Transgenes,Penetrance,Mitogen-Activated Protein Kinases,Gait Ataxia,radiation effects,rac GTP-Binding Proteins,Hematopoietic Stem Cells,HSP90 Heat-Shock Proteins,Adiposity,Endocrine System,Observation,"Immobility Response, Tonic",Tympanoplasty,Spatial Memory,Neurophysiological Monitoring,Neuroprotection,Neuroprotection,Chemokine CX3CL1
30,Spasm,Parotid Gland,Plasmacytoma,Anterior Thalamic Nuclei,Plasma Cells,Serum,Veins,Hemispherectomy,Panic,Viruses,Tuberculosis,Osteoma,Fathers,Korsakoff Syndrome,Blood Circulation,Pan troglodytes,Choroid Plexus Neoplasms,Neurotic Disorders,Hypothermia,Equipment and Supplies,Mortality,Cleft Palate,"Pregnancy, Animal",Histological Techniques,Rupture,Tomography,Dihydroxyphenylalanine,Cryosurgery,"Chromatography, Ion Exchange",Peroxidases,Acetyl Coenzyme A,Organoids,Neoplasm Metastasis,Encephalomalacia,Thermoreceptors,Antigen-Antibody Complex,Galactosyltransferases,Metoclopramide,Carboxy-Lyases,"Aphasia, Broca",Pargyline,Succinimides,Oleic Acids,Flunarizine,DNA Replication,"Metamorphosis, Biological",Phosphatidic Acids,Dioxanes,"Repetitive Sequences, Nucleic Acid",Kinesthesis,Phosphoserine,"Paraparesis, Tropical Spastic",Genetic Techniques,NAD(P)H Dehydrogenase (Quinone),"Microscopy, Video",Purinergic P1 Receptor Antagonists,Cyclins,CD40 Antigens,Pirenzepine,Linkage Disequilibrium,Lung Volume Measurements,MEDLINE,Cross Infection,"Receptors, Tumor Necrosis Factor, Type II",Retinal Artery,Proteasome Inhibitors,Reactive Nitrogen Species,Republic of Korea,Repetition Priming,Fingolimod Hydrochloride,Electrocorticography,Basolateral Nuclear Complex,Datasets as Topic,Neuronal Outgrowth,Machine Learning
31,Nerve Tissue,Nervous System Neoplasms,Paranasal Sinuses,Anemia,"Empyema, Subdural",Hyperesthesia,Colloid Cysts,Osteitis Deformans,Menstruation,Osteitis Deformans,Angiomatosis,Blood Circulation,Plasmalogens,Methanol,Shock,Nerve Tissue,Cervical Cord,Blood Circulation,Blood Chemical Analysis,Phosphorus Isotopes,Cordotomy,Psychophysiology,Ribonucleases,Succinates,Ribosomes,Citrates,Lactates,Dwarfism,Myofibrils,Evaluation Studies as Topic,Dilatation,Myotonia,"Muscular Dystrophy, Animal",Cyanoacrylates,Polyribosomes,Thermoreceptors,Gastrointestinal Hormones,Sarcolemma,"Enkephalin, Methionine",Ganglia,Harmaline,Phospholipases,Angiomatosis,"Enkephalin, Leucine-2-Alanine",Membrane Fluidity,Organometallic Compounds,Glutamates,Peritoneum,Coturnix,Spermidine,Chondroitin Sulfates,Antiphospholipid Syndrome,Idazoxan,Health Services,"Muscular Dystrophy, Emery-Dreifuss",Stereotypic Movement Disorder,Nitric Oxide Donors,Cysteine Endopeptidases,"Injections, Intradermal",Glomus Jugulare Tumor,Geography,Manometry,Extracellular Fluid,"Quantitative Trait, Heritable",Prosopagnosia,Databases as Topic,Genetic Loci,Benign Paroxysmal Positional Vertigo,Vestibular Evoked Myogenic Potentials,Gamma Rhythm,Patient Safety,Molecular Docking Simulation,Drug Resistant Epilepsy,Alemtuzumab,"Diagnostic Techniques, Urological"
32,Wounds and Injuries,Ear Ossicles,Neuritis,X-Rays,Paranasal Sinuses,Herpesviridae Infections,Hemispherectomy,Skull,Retinal Artery,Renal Insufficiency,Bone Marrow,"Leukoencephalitis, Acute Hemorrhagic",Phosphorus,Tantalum,Poliomyelitis,Supratentorial Neoplasms,Cardiac Surgical Procedures,Shock,"Influenza, Human",Azo Compounds,Uremia,Neurosecretion,Sphingomyelins,Ribonucleases,Microsomes,Computers,"RNA, Transfer",Poisoning,Glucosephosphate Dehydrogenase,Esters,Microsomes,Uridine,"Respiratory Distress Syndrome, Newborn",Cell Nucleolus,Tupaiidae,Acetyl Coenzyme A,Polyribosomes,Iopamidol,Rheology,Aminooxyacetic Acid,Azocines,Quinuclidinyl Benzilate,Gold,HIV,Neurocognitive Disorders,Inositol Phosphates,Ions,Hybridomas,Lyme Disease,Nimustine,Fibroblast Growth Factor 2,"Chromosomes, Human, Pair 14",Neuronal Ceroid-Lipofuscinoses,"Antineoplastic Agents, Hormonal",Receptor Protein-Tyrosine Kinases,"Receptors, Pituitary Adenylate Cyclase-Activating Polypeptide",Insect Proteins,Purinergic P1 Receptor Antagonists,Prostaglandin-Endoperoxide Synthases,"Potassium Channels, Calcium-Activated",Reverse Transcriptase Polymerase Chain Reaction,"Practice Patterns, Physicians'",Cytochromes c,"Cell Line, Transformed","Freezing Reaction, Cataleptic",Acupuncture Therapy,Cell Phone,Adipocytes,Wavelet Analysis,"Antibodies, Monoclonal, Humanized","Infant, Extremely Premature",Prepulse Inhibition,"Burnout, Professional",High-Throughput Nucleotide Sequencing,"Mice, Inbred NOD"
33,Nervous System,Neuroma,Nervous System,Hernia,Glycogen Storage Disease,Sclerosis,Angiography,Fibrosarcoma,Subthalamus,Dilatation,Abscess,Syncope,Abscess,"Reflex, Babinski",Holoprosencephaly,"Heart Defects, Congenital",Psychopharmacology,"Leukoencephalitis, Acute Hemorrhagic",Shock,Nerve Tissue,Neurochemistry,Blood Circulation,Dwarfism,Sphingomyelins,Glycogen,"Depression, Chemical",Angiomatosis,Nitrosourea Compounds,Nitrosourea Compounds,Surface-Active Agents,Retrograde Degeneration,Pargyline,Aldehyde Oxidoreductases,"Carotid Artery, External","Hypothalamus, Anterior","Hypothalamus, Anterior",Hexokinase,Thermoreceptors,4-Aminobutyrate Transaminase,Flunitrazepam,Flumazenil,Benzodiazepinones,"Enkephalin, Leucine","Receptors, Adrenergic, alpha",Panic,Kynurenic Acid,Neurokinin B,Glutamates,Wheat Germ Agglutinins,Fetal Tissue Transplantation,Sincalide,Spina Bifida Occulta,Fetal Proteins,Zidovudine,Scotoma,Nuclear Family,"Genes, p53",Pirenzepine,Patients,"Chromosomes, Human, X",DiGeorge Syndrome,Hematopoietic Stem Cells,Transport Vesicles,Microdissection,"Sequence Analysis, DNA",Microdissection,Brain Waves,Dyslipidemias,Cognitive Reserve,Nociception,Transcranial Direct Current Stimulation,Delay Discounting,Proton Magnetic Resonance Spectroscopy,Craving,Ribosomal Proteins
34,Head,Nervous System Physiological Phenomena,Cryptococcosis,Abscess,Nervous System Physiological Phenomena,Mucocele,Glossopharyngeal Nerve Diseases,Phantom Limb,"Fractures, Bone",Glossopharyngeal Nerve Diseases,Myositis,Amenorrhea,Prostate,Fathers,Electrolytes,"Leukoencephalitis, Acute Hemorrhagic",Phosphates,Cryosurgery,Poliomyelitis,Nitrogen,Radioisotopes,Achilles Tendon,Lipoproteins,"Chromatography, Ion Exchange",Maternal Age,Cerebral Ventriculography,Neuromuscular Depolarizing Agents,Sarcoplasmic Reticulum,Sarcoplasmic Reticulum,"Ganglia, Autonomic",Ovulation,Lomustine,Hodgkin Disease,Fenclonine,Fibrosarcoma,Ovulation,Measles,Hexosaminidases,Endorphins,Lipid Bilayers,"Receptors, Adrenergic, alpha",Immunoenzyme Techniques,Bromocriptine,"Receptors, LHRH",Ranidae,Osmolar Concentration,Dioxanes,"Receptors, Purinergic",Nerve Endings,Methylene Blue,Ondansetron,Eye Enucleation,"Genes, Tumor Suppressor","Anatomy, Artistic","4,4'-Diisothiocyanostilbene-2,2'-Disulfonic Acid",Neural Cell Adhesion Molecules,Dyneins,Gene Targeting,Caspase Inhibitors,"Receptors, Serotonin, 5-HT2",Membrane Transport Modulators,"Alcohol-Induced Disorders, Nervous System",Bulimia Nervosa,Respiratory System,Progestins,Intranuclear Inclusion Bodies,"Infusions, Intraventricular",Serotonergic Neurons,T-Box Domain Proteins,Vestibular Evoked Myogenic Potentials,Neurovascular Coupling,Protein Aggregates,Autism Spectrum Disorder,Zika Virus,Gene Regulatory Networks
35,Peroneal Nerve,Hemostasis,"Anatomy, Comparative",Asphyxia,Gastric Mucosa,Graves Disease,Venoms,Cervical Cord,Prostatic Neoplasms,Paranoid Disorders,Neurofibromatoses,Histological Techniques,Psychosurgery,Plasmalogens,Blood Sedimentation,Brucellosis,Cataract,Urinary Tract,Succinate Dehydrogenase,"Infant, Newborn, Diseases",Classification,Water-Electrolyte Balance,Cordotomy,Blood Cell Count,Aminobutyrates,Sound,Esters,"Depression, Chemical",Probenecid,Sarcoplasmic Reticulum,Succinates,Leukemia,Protein Deficiency,Intercellular Junctions,Succinates,"Pain, Intractable",Neurophysins,Polyribosomes,Myelography,Motor Endplate,Flunitrazepam,Torpedo,"T-Lymphocytes, Helper-Inducer",Nucleotidases,Adrenal Gland Neoplasms,Cyproheptadine,Parasympathomimetics,Procarbazine,"Receptors, Interleukin-2",Angiotensin Receptor Antagonists,Arginine,Molecular Sequence Data,Viscera,"Receptor, trkC",N-Glycosyl Hydrolases,"Sequence Homology, Amino Acid",NF-KappaB Inhibitor alpha,Endocrine System,Vesicular Transport Proteins,Focal Adhesion Kinase 1,Speech Discrimination Tests,"Microscopy, Electron, Transmission",Somatosensory Disorders,Angioplasty,Pakistan,Neuroepithelial Cells,Premature Birth,Interdisciplinary Communication,Exome,Cannabinoid Receptor Agonists,Inflammasomes,Designer Drugs,Elective Surgical Procedures,Surgeons,Gene Knockout Techniques
36,Nervous System Physiological Phenomena,Cholesteatoma,Brachial Plexus Neuritis,Equipment and Supplies,Sutures,Intervertebral Disc,Superior Sagittal Sinus,"Neuroectodermal Tumors, Primitive, Peripheral",Electrons,Superior Sagittal Sinus,Syphilis,Chlorpromazine,Electrons,Neuritis,Histological Techniques,Fourth Ventricle,"Anatomy, Comparative",Hypothermia,Goats,Goats,"Paralyses, Familial Periodic",Desoxycorticosterone,"Education, Medical",Cryosurgery,Surface-Active Agents,Glycogen,Diet Therapy,Papio,Cerebral Ventriculography,Mitochondrial Swelling,Goats,Hexokinase,Adenosine Monophosphate,"Leukodystrophy, Metachromatic",Empty Sella Syndrome,Glucuronidase,Measles virus,S-Adenosylmethionine,Melanocyte-Stimulating Hormones,Trimethyltin Compounds,Nomifensine,Sodium Fluoride,"Receptors, Neurotransmitter",Silver,Silver,"Genes, Viral",Ibotenic Acid,Brachytherapy,Neurokinin A,Nitroprusside,Urinary Tract,"Enhancer Elements, Genetic","Receptors, Purinergic P1",Cross-Linking Reagents,Sympathomimetics,Hypotonic Solutions,S Phase,"Mice, Inbred mdx",Plant Preparations,"Genes, Tumor Suppressor",Fruit,Mutagenesis,"Models, Immunological",Ephrins,Health Status Indicators,Multiprotein Complexes,Stereotyping,Brain Waves,Neoplasm Grading,Central Amygdaloid Nucleus,"Hearing Loss, Unilateral",Total Disc Replacement,Molecular Docking Simulation,Zika Virus Infection,Independent Living
37,Speech Disorders,Crustacea,X-Rays,Fluorescein,Tuberculosis,Xanthomatosis,Neurosyphilis,Arteries,Xanthomatosis,Endocrine System Diseases,Automatism,Surgeons,Fructose-Bisphosphate Aldolase,Vaccines,"Anesthesia, Spinal",Anterior Cerebral Artery,Sarcoma,Hypertonic Solutions,Manometry,Fetal Death,Oxidoreductases,"Chromatography, Ion Exchange",Carotid Artery Thrombosis,Haplorhini,Glucuronidase,Tibia,Glycogen,Sulfoglycosphingolipids,Hexosaminidases,Penicillin G,Carboxy-Lyases,Phospholipases,HLA Antigens,Aminooxyacetic Acid,Castration,Cerebral Ventriculography,Sarcoplasmic Reticulum,Torpedo,Ethylnitrosourea,Computers,Organoids,"Receptors, Adrenergic, alpha",Lipomatosis,Immunochemistry,Phospholipases,Muscle Development,Fibroblast Growth Factor 1,"Toxoplasmosis, Cerebral",Ibotenic Acid,Heparitin Sulfate,Leeches,Sarcoglycans,Cellular Senescence,Lymnaea,GTP Cyclohydrolase,DNA Fragmentation,Synucleins,"Chromosomes, Human, Pair 7",bcl-Associated Death Protein,"Fractures, Spontaneous","Sequence Analysis, Protein",Air Pollutants,Autonomic Pathways,"Potassium Channels, Tandem Pore Domain",NAV1.2 Voltage-Gated Sodium Channel,RNA Interference,Molecular Imaging,Ethylene Glycols,C9orf72 Protein,Molecular Docking Simulation,Voltage-Gated Sodium Channels,Spatial Navigation,Neurological Rehabilitation,Neurovascular Coupling,Quercetin
38,Neoplasms,Hemangioma,Equipment and Supplies,Amputation,Anemia,Pharmaceutical Preparations,"Anesthetics, General",Echinococcosis,Cardiovascular Agents,Ectoderm,Ribs,Hypersensitivity,Meningeal Carcinomatosis,Retinal Artery,Polyradiculopathy,Hypersensitivity,Methysergide,Surgeons,Carotid Artery Thrombosis,Neurochemistry,Cortisone,Hypersensitivity,"Chromatography, Gas",Lipoproteins,Carotid Artery Thrombosis,Nitroso Compounds,Neostigmine,Fluorides,Colorimetry,Tranylcypromine,"RNA, Transfer",Polyradiculopathy,"Infant, Newborn, Diseases",Congresses as Topic,"Autonomic Fibers, Preganglionic",Pneumoencephalography,Lipofuscin,Oxazoles,Trihexyphenidyl,Naloxone,Pheochromocytoma,Thalamic Diseases,Arylamine N-Acetyltransferase,"Antibodies, Viral","Fractures, Bone",Adrenal Medulla,RNA Probes,Eye Enucleation,Nimustine,"Genes, Homeobox",Quail,Nitric Oxide Synthase,Sumatriptan,"Genes, Viral",Gamma Rays,Carcinogens,Cell Size,Prostaglandin-Endoperoxide Synthases,Aldehyde Oxidoreductases,Cysteine Endopeptidases,"Microscopy, Electron, Transmission",Extracellular Fluid,Mitochondrial Membranes,LIM Domain Proteins,Rosiglitazone,Adult Stem Cells,Perfusion Imaging,Colloid Cysts,Th17 Cells,Basal Forebrain,"Depressive Disorder, Treatment-Resistant",Genotyping Techniques,Spatial Navigation,Observational Studies as Topic,Praziquantel
39,Cranial Nerves,"Optic Atrophy, Hereditary, Leber",Nitrogen,Pick Disease of the Brain,Angiomatosis,"Paralyses, Familial Periodic",Phantom Limb,Hypoglossal Nerve Diseases,Thyroidectomy,Neck Injuries,Osteoma,Mercury Poisoning,Communicable Diseases,"Diagnostic Techniques, Ophthalmological",Hypernatremia,Hypernatremia,Tuberculosis,Hypersensitivity,Thiazines,"Radiation Injuries, Experimental",Contracture,"Radiography, Thoracic",Electricity,"Epilepsy, Post-Traumatic",Glucosamine,Magnesium Deficiency,Acyltransferases,Ovulation,Pargyline,Cordotomy,Pyruvates,Lysergic Acid Diethylamide,Pneumoencephalography,Nitrosourea Compounds,Measles virus,Hexokinase,Kinetics,Sodium Fluoride,Pheochromocytoma,Fibromuscular Dysplasia,Sincalide,Oxadiazoles,"Receptors, Dopamine",Substantia Innominata,Glycosaminoglycans,Gender Identity,DNA Replication,Nortriptyline,Cell Fusion,"Inositol 1,4,5-Trisphosphate",Mitogens,Azides,Polymerase Chain Reaction,"Receptors, Pituitary Hormone","Chromosomes, Human, Pair 2","Epilepsy, Reflex",Purinergic P1 Receptor Antagonists,Polyesters,Myoblasts,Orthopedics,Synucleins,Expert Testimony,radiation effects,Comparative Genomic Hybridization,Sensory Receptor Cells,"Environment, Controlled","Receptor, Endothelin A",Symptom Assessment,Brain-Computer Interfaces,Tissue Culture Techniques,Preoperative Period,"Printing, Three-Dimensional","NLR Family, Pyrin Domain-Containing 3 Protein",Thrombectomy,Myeloid Cells
40,Reconstructive Surgical Procedures,Paranasal Sinus Diseases,Pick Disease of the Brain,Retrograde Degeneration,"Anesthesia, Local",Emergency Treatment,"Reflex, Babinski",Abscess,Tay-Sachs Disease,Cervical Cord,Thrombosis,Physiology,"Paralyses, Familial Periodic",Neoplasms,Islets of Langerhans,Colloid Cysts,Angiomatosis,Brachial Artery,Diffuse Cerebral Sclerosis of Schilder,Diet Therapy,Enzymes,Femoral Artery,Liver Cirrhosis,Spinal Nerves,Ovulation,Haplorhini,"Toxins, Biological",Microsomes,Ketoglutaric Acids,Glucosephosphate Dehydrogenase,Plasmalogens,Disulfiram,Penicillins,Cerebral Ventriculography,Pimozide,Trazodone,Azo Compounds,Aldehyde Oxidoreductases,"Nystagmus, Physiologic",Flupenthixol,"Hypothalamus, Anterior",Sincalide,Aminopyridines,Galactosylceramides,Acquired Immunodeficiency Syndrome,Succinimides,Surgical Equipment,"Receptors, Angiotensin","Receptors, Antigen, T-Cell, alpha-beta",Citrulline,"Genes, Immediate-Early","Receptors, Platelet-Derived Growth Factor",Palate,Neuromuscular Blocking Agents,"Chromosomes, Human, Pair 3",Myotonic Disorders,I-kappa B Proteins,Cyclin-Dependent Kinases,Heparan Sulfate Proteoglycans,Materials Testing,"Dose-Response Relationship, Immunologic",Protein Array Analysis,Suppressor of Cytokine Signaling Proteins,Speech Intelligibility,Eye Movement Measurements,Enzyme Replacement Therapy,Vesicular Glutamate Transport Proteins,Genetic Loci,RNA-Binding Protein FUS,Benign Paroxysmal Positional Vertigo,"Printing, Three-Dimensional",Proton Magnetic Resonance Spectroscopy,Natural Orifice Endoscopic Surgery,Autism Spectrum Disorder,Ultrasonic Therapy
41,Regeneration,Paranasal Sinuses,Retrograde Degeneration,Disease,Pancreas,Head,Hysteria,Nervous System Physiological Phenomena,Eosinophils,"Neuroectodermal Tumors, Primitive, Peripheral",Intercostal Nerves,Thoracic Outlet Syndrome,Ammonium Chloride,Acetic Acid,Galago,Electricity,X-Rays,Ions,Tuberculoma,Spectrophotometry,Liver Cirrhosis,"Intestine, Small",Freezing,Uridine,Sex Chromosome Aberrations,Encephalomalacia,Cytoplasmic Granules,"Neuroectodermal Tumors, Primitive, Peripheral",Alanine Transaminase,Dihydroxyphenylalanine,Hydroxydopamines,Tyramine,Sarcoplasmic Reticulum,Myotonia,Barbiturates,Empty Sella Syndrome,Ranidae,Tourette Syndrome,Neurosecretion,Melanocyte-Stimulating Hormones,Acrylamides,Blood,Sincalide,"Nystagmus, Physiologic","Antigens, Surface","Receptors, Interleukin-2",Zidovudine,Gene Amplification,Phosphatidylinositols,alpha 1-Antichymotrypsin,Glycosylphosphatidylinositols,Blood Physiological Phenomena,Ganciclovir,"Cloning, Molecular",Antigen Presentation,"Crosses, Genetic","Myoclonic Epilepsies, Progressive",Th1 Cells,"Thyroiditis, Autoimmune",Poly(ADP-ribose) Polymerase Inhibitors,Marine Toxins,Demography,Cell Shape,Time,"Nerve Fibers, Unmyelinated",Risk Reduction Behavior,Suicidal Ideation,"Child Development Disorders, Pervasive","CA3 Region, Hippocampal",Spinal Cord Stimulation,Datasets as Topic,Visual Analog Scale,Patient Readmission,"Protein Aggregation, Pathological",Radial Artery
42,Mammals,Regeneration,Meninges,Puberty,Cysticercosis,Hemostasis,Abscess,"Diagnostic Techniques, Ophthalmological",Ligamentum Flavum,Gonadotropins,Skull,Cordotomy,Tay-Sachs Disease,Electrons,Blood Coagulation,Glossopharyngeal Nerve Diseases,Hemangioma,Ornithine,Neurosurgery,Mercury,Spinal Dysraphism,Carbon Isotopes,Reticular Formation,Spinal Dysraphism,Phosphatidylethanolamines,Drug Antagonism,Leucine,Mixed Function Oxygenases,Nutrition Disorders,"Anatomy, Comparative","Ganglia, Autonomic",gamma-Glutamyltransferase,Acetyl Coenzyme A,Blood Circulation,Substantia Gelatinosa,Nortriptyline,Palate,Computers,Ethosuximide,"Animals, Suckling",Glucosamine,Atrial Natriuretic Factor,Endorphins,Myelin P2 Protein,Aminopyridines,Silver,Neurocognitive Disorders,Sudden Infant Death,Cytochrome-c Oxidase Deficiency,Platelet Activating Factor,Brachytherapy,Peripheral Nervous System,"Receptors, Cholecystokinin",Palmitic Acid,"Tomography, Emission-Computed",Weightlessness,"Receptors, Bradykinin",Androgen Antagonists,Peptide Hormones,Caspases,Diagnostic Imaging,Amino Acid Motifs,Hypogastric Plexus,Extracellular Signal-Regulated MAP Kinases,Expressed Emotion,Aryldialkylphosphatase,CREB-Binding Protein,Neutrophil Infiltration,Sensory Gating,"Niemann-Pick Disease, Type C",Cervical Cord,Neurovascular Coupling,Mindfulness,"RNA, Long Noncoding","Administration, Intravenous"
43,Sella Turcica,Arthrogryposis,Puberty,"Trauma, Nervous System","Encephalitis, Herpes Simplex",Platybasia,Head,Mandibular Nerve,"Delivery, Obstetric",Viscera,Bone Diseases,Osteitis Deformans,Eosinophils,Xanthomatosis,Osteitis Deformans,Venoms,"Radiation Injuries, Experimental",Cordotomy,Glucosephosphate Dehydrogenase,Sutures,Mercury,"Infant, Newborn, Diseases",Aminobutyrates,Angiomatosis,Anura,Orthopedics,Glycoside Hydrolases,Lactates,Glucuronidase,Organoids,Citrates,Leucine,Endothelium,Polyribosomes,Sella Turcica,"2',3'-Cyclic-Nucleotide Phosphodiesterases",Phosphorus Radioisotopes,Isoflurophate,Cyanoacrylates,"Nystagmus, Physiologic",gamma-Glutamyltransferase,Probenecid,Thyrotropin-Releasing Hormone,Dystonia Musculorum Deformans,Accidents,Guanine Nucleotides,"Receptors, Angiotensin",Neurokinin A,Tetrahydroisoquinolines,Heparan Sulfate Proteoglycans,"Inositol 1,4,5-Trisphosphate",Okadaic Acid,"Receptors, Pituitary Adenylate Cyclase-Activating Polypeptide",E-Selectin,Macrophage-1 Antigen,Wortmannin,Cyclin-Dependent Kinase Inhibitor p16,"Quality Assurance, Health Care","Chemokines, CXC",Enzyme Activators,Minisatellite Repeats,Catatonia,Atmospheric Pressure,Retinal Artery,Oncogene Proteins v-fos,Intracellular Space,LDL-Receptor Related Proteins,"Infusions, Intraventricular",Mechanistic Target of Rapamycin Complex 1,Spatial Learning,Tissue Culture Techniques,Connectome,Prodromal Symptoms,Operative Time,"RNA, Long Noncoding"
44,Cochlear Nerve,Vas Deferens,Psychosurgery,Hemostatics,Thigh,Physical Examination,Intervertebral Disc,Electrons,"Sarcoma, Ewing",Intracranial Embolism,Amenorrhea,Electricity,Autonomic Pathways,Publications,Blood Coagulation Factors,"Genetic Diseases, X-Linked",Optic Nerve Neoplasms,Phosphates,Akinetic Mutism,Tuberculosis,Phosphorus Isotopes,Fibrosarcoma,Carotid Sinus,Ataxia Telangiectasia,Electricity,Sphingomyelins,Nitrogen,Iodine Isotopes,Methyltransferases,Chlorpromazine,Basement Membrane,Peroxidases,Pimozide,Nuclear Envelope,Endarterectomy,Renal Dialysis,Drug Stability,5-Hydroxytryptophan,Chloral Hydrate,Pimozide,Lectins,Clonazepam,Panic,Snails,"Reflex, Monosynaptic",Invertebrate Hormones,Parasympatholytics,Particle Accelerators,"Cytotoxicity, Immunologic",Sequence Homology,Sumatriptan,DNA Primers,Spider Venoms,Cellular Senescence,Focal Adhesion Protein-Tyrosine Kinases,Immunotoxins,"Receptors, Cannabinoid",Songbirds,Williams Syndrome,Microsatellite Repeats,Trans-Activators,Inhibitory Concentration 50,Dissociative Disorders,Appetite Regulation,TNF-Related Apoptosis-Inducing Ligand,Health,Overweight,"Influenza A Virus, H1N1 Subtype","Stroke, Lacunar",Neuroanatomical Tract-Tracing Techniques,Quality Improvement,Th17 Cells,Spatial Learning,Binge Drinking,Time-to-Treatment
45,Skull,Carbonic Anhydrases,Ligaments,Liver Diseases,Neurotic Disorders,Cholesteatoma,Athetosis,Paraplegia,Bone Marrow,Obstetric Labor Complications,Brachial Artery,Akinetic Mutism,Syncope,Communicable Diseases,Glossopharyngeal Nerve Diseases,Enzymes,Equipment and Supplies,Nervous System Physiological Phenomena,Neostigmine,Oxidoreductases,Glycosaminoglycans,Microscopy,"Education, Special",Botulism,Automatism,"Neurons, Efferent",Muscle Spindles,Butyrates,Glucosamine,"Spectrometry, Fluorescence",Neurosecretion,Immunoglobulin A,Castration,Friedreich Ataxia,Intercostal Nerves,Peritoneal Cavity,Pyridoxine,Hydroxybutyrates,Radiographic Image Enhancement,Bombesin,Immunoenzyme Techniques,Morphinans,Cholinergic Fibers,Molecular Weight,Acrylamides,Ibotenic Acid,Cytological Techniques,Brachial Plexus Neuritis,Brain Tissue Transplantation,Cytological Techniques,"Paraparesis, Tropical Spastic","Receptor, trkC",Neurofibromin 2,Galactosyltransferases,"Gene Expression Regulation, Enzymologic",Autoreceptors,Pregnenolone,"Antigens, Differentiation",Boron Compounds,"Receptors, CCR5",Flavoproteins,Excitatory Amino Acid Transporter 1,Founder Effect,Spectrum Analysis,Stromal Cells,Miniature Postsynaptic Potentials,Neuronal Tract-Tracers,Signal-To-Noise Ratio,Delayed Diagnosis,Ventral Striatum,Latin America,Electrocorticography,Motor Disorders,Motor Disorders,Motor Disorders
46,Meninges,Traction,Hemispherectomy,Encephalomyelitis,Tics,Tendons,Cerebral Veins,Athetosis,Intracranial Embolism,"Surgical Procedures, Operative",Ranidae,Wernicke Encephalopathy,Vaccination,Chlorpromazine,Oxidoreductases,Distal Myopathies,Carbohydrates,Durapatite,Subclavian Artery,Cortisone,Cerebral Ventriculography,Tomography,"RNA, Transfer",Cholinesterases,Cyclohexanes,Freezing,Autopsy,Blood Cell Count,Cryosurgery,Dioxoles,Endothelium,Computers,Splanchnic Nerves,X-Rays,Tranylcypromine,Neurophysins,Lysergic Acid Diethylamide,Synaptic Membranes,Hexokinase,Ileum,Penicillin G,Tissue Preservation,Phospholipases,Mucin-1,Morphinans,Hydrogen,Opportunistic Infections,Cytological Techniques,Sodium Fluoride,Puerperal Disorders,"Receptors, Antigen, T-Cell, alpha-beta",Polyradiculoneuropathy,"Toxoplasmosis, Cerebral","Receptors, Platelet-Derived Growth Factor",DNA Primers,Cardiotonic Agents,"Receptors, Vascular Endothelial Growth Factor",Glutathione Disulfide,Viral Proteins,"GTP-Binding Protein alpha Subunits, Gi-Go",Database Management Systems,Color,Laparoscopy,Transport Vesicles,Sensory System Agents,ADAM Proteins,Residence Characteristics,Dopaminergic Neurons,Anti-N-Methyl-D-Aspartate Receptor Encephalitis,Observational Studies as Topic,Peroxisome Proliferator-Activated Receptor Gamma Coactivator 1-alpha,Accelerometry,Cognitive Dysfunction,Datasets as Topic,Conflict of Interest
47,Heart,Intervertebral Disc,Hemostatics,Lymphocyte Count,Rupture,Vocal Cord Paralysis,Papilloma,Ethmoid Bone,Respiratory Paralysis,Menstruation,Dilatation,Carbon Monoxide,Respiratory Paralysis,Arteries,Conversion Disorder,Choroid Plexus Neoplasms,Neuritis,Ambulatory Care Facilities,Tuberculosis,Hemostasis,Carboxy-Lyases,Acyltransferases,Vestibulocochlear Nerve,Ribosomes,Athetosis,Achilles Tendon,Phosphatidylethanolamines,Citrates,Chorionic Gonadotropin,Amniotic Fluid,Penicillin G,Glycogen,Connective Tissue,Drug Evaluation,Prejudice,Trigeminal Nuclei,Menstruation,Concanavalin A,Drug Antagonism,Acrylamide,Ornithine,Cyproheptadine,Torpedo,Praziquantel,Tissue Preservation,Peritoneum,Inositol Phosphates,Ondansetron,Ribonucleases,Acid-Base Equilibrium,"Receptors, Platelet-Derived Growth Factor",Protein-Tyrosine Kinases,Multigene Family,Polymerase Chain Reaction,"DNA, Complementary",Synucleins,"Genes, Tumor Suppressor",Trans-Activators,Dissociative Disorders,Matched-Pair Analysis,"Chromosomes, Human, Pair 22",Inhalation Exposure,Genetic Markers,radiation effects,Cannabinoid Receptor Modulators,Egypt,"Anatomy, Cross-Sectional",Electroporation,Diphtheria Toxin,Ependymoglial Cells,Motor Disorders,"RNA, Long Noncoding",Basolateral Nuclear Complex,Protein Aggregates,Spatial Learning
48,Central Nervous System Depressants,Tuberculosis,Ganglioneuroma,Cervical Cord,"Epilepsy, Post-Traumatic",Nerve Tissue,Sweat Glands,Tay-Sachs Disease,Cholesteatoma,Poisoning,Akinetic Mutism,Nerve Tissue,Stellate Ganglion,Tay-Sachs Disease,Ulnar Neuropathies,Leadership,Ganglia,Methanol,Neuroaxonal Dystrophies,Acid-Base Equilibrium,Diffuse Cerebral Sclerosis of Schilder,Glycolipids,Spinal Dysraphism,Crustacea,Papilloma,Psychophysiology,Galactose,Probenecid,Mitochondrial Swelling,Hydroxybutyrates,Biogenic Amines,"3',5'-Cyclic-AMP Phosphodiesterases",4-Aminobutyrate Transaminase,Peroxidases,Friedreich Ataxia,"Autonomic Fibers, Preganglionic",Blood Viscosity,Plasmacytoma,Satiation,Sciuridae,Ganglia,Marine Toxins,Glutamate Dehydrogenase,Interferon Type I,Amyloid,Quinuclidinyl Benzilate,Antibody Formation,"Sequence Homology, Nucleic Acid","Paraparesis, Tropical Spastic",Poly A,Blood Physiological Phenomena,Tenascin,Calbindin 1,Proton-Translocating ATPases,DNA Fragmentation,Androstadienes,Epidemiologic Studies,"Active Transport, Cell Nucleus",Mitogen-Activated Protein Kinase Kinases,Minisatellite Repeats,Factor V,Database Management Systems,Nanotechnology,Growth Hormone-Secreting Pituitary Adenoma,Autonomic Pathways,Light Signal Transduction,RNA-Binding Protein FUS,Immunomodulation,Adaptive Immunity,Central Pattern Generators,Multimodal Imaging,Pain Perception,Accelerometry,Mitochondrial Dynamics,Craving
49,Neurotoxicity Syndromes,Contracture,Pneumonia,Personality Tests,Intervertebral Disc,Needles,"Tuberculosis, Meningeal",Iodine,Vocal Cord Paralysis,Psychosurgery,Myotonia,Carbon Monoxide Poisoning,Chromosomes,Viscosity,Leadership,Fistula,Blood Physiological Phenomena,Cytosine,Oxygen Inhalation Therapy,Cyanoacrylates,Esters,Nucleotidases,"Chromatography, Ion Exchange",Microsomes,"Paralyses, Familial Periodic",Ovulation,"Ganglia, Autonomic",Venous Pressure,"Spectrometry, Fluorescence",Alanine Transaminase,Vascular Headaches,Measles virus,Nucleotidases,HLA Antigens,Ethylnitrosourea,Iris,Rana pipiens,Friedreich Ataxia,"Infant, Small for Gestational Age",Ranidae,Carbolines,Intermediate Filaments,Flunitrazepam,"Infant, Low Birth Weight",Glutamates,Peptide YY,Gerstmann-Straussler-Scheinker Disease,Pertussis Toxin,Lead Poisoning,Loudness Perception,Lymphocyte Subsets,Carcinogens,Hemodilution,Immunotoxins,"Epilepsy, Complex Partial","Brain Injury, Chronic",Eponyms,Intracellular Fluid,Antigen Presentation,Ambulatory Care Facilities,"Paraneoplastic Syndromes, Nervous System",cdc42 GTP-Binding Protein,"Microscopy, Electron, Transmission",Color Perception Tests,Vertebroplasty,Tissue Scaffolds,Self-Help Devices,"RNA, Small Interfering",Endophenotypes,Spinal Cord Dorsal Horn,Basolateral Nuclear Complex,High-Throughput Nucleotide Sequencing,Sensorimotor Cortex,Facial Recognition,Rabies virus